alg,nTubes,tubeH,nColors,memMBMean,tmsMean
bfs,5,1,3,0.132,0.00777411
bfs,5,2,3,0.696647,0.542971
bfs,5,3,3,1.78552,2.37717
bfs,5,4,3,4.23971,15.1011
bfs,5,5,3,7.88514,23.6457
