alg,nTubes,tubeH,nColors,memMBMean,tmsMean
bfs,6,1,3,0.132,0.0158285
bfs,6,2,3,1.38375,1.45987
bfs,6,3,3,4.98287,8.50773
bfs,6,4,3,41.592,143.768
bfs,6,5,3,44.2768,152.826
bfs,6,6,3,108.983,535.916
