alg,nTubes,tubeH,nColors,memMBMean,tmsMean
bfs,3,1,2,0.132,0.0114294
bfs,3,2,2,0.132,0.0207769
bfs,3,3,2,0.132,0.0275802
bfs,3,4,2,0.132,0.054941
bfs,3,5,2,0.132,0.069251
bfs,3,6,2,0.264,0.171326
