alg,nTubes,tubeH,nColors,memMBMean,tmsMean
bfs,4,1,2,0.132,0.00472472
bfs,4,2,2,0.264,0.105801
bfs,4,3,2,0.302205,0.130188
bfs,4,4,2,0.61269,0.785573
bfs,4,5,2,0.691876,0.987817
