alg,nTubes,tubeH,nColors,memMBMean,tmsMean
bfs,2,1,1,0.132,0.01264
bfs,2,2,1,0.132,0.0185094
bfs,2,3,1,0.132,0.0126696
bfs,2,4,1,0.132,0.0177235
bfs,2,5,1,0.132,0.0199815
bfs,2,6,1,0.132,0.0269413
