alg,nTubes,tubeH,nColors,nMovesMin,nMovesMean,nMovesMax,memMBMin,memMBMean,memMBMax,tmsMin,tmsMean,tmsMax
bfs,2,4,1,1,1,1,0.132,0.132,0.132,0.015198,0.0185762,0.023639
bfs,3,4,1,1,1,1,0.132,0.132,0.132,0.029869,0.0518747,0.081636
bfs,4,4,2,1,1,1,0.396,0.523361,0.66,0.441564,0.648264,1.12744
bfs,5,4,2,1,1,1,1.188,2.46194,3.564,2.5715,5.67849,9.68324
bfs,6,4,3,1,1,1,16.104,39.9198,70.096,40.7012,137.368,274.938
bfs,7,4,3,1,1,1,209.88,307.705,510.908,934.867,1680.73,3427.17
bfs,8,4,4,1,1,1,2048.44,4161.33,10659.6,9940.32,24540.1,106654
