alg,nTubes,tubeH,nColors,memMBMean,tmsMean
bfs,7,4,1,1.30756,2.77009
bfs,7,4,2,43.2925,210.993
bfs,7,4,3,282.333,1349.22
bfs,7,4,4,1055.72,4985.07
bfs,7,4,5,85.4447,238.071
bfs,7,4,6,2.17198,3.43661
