alg,nTubes,tubeH,nColors,memMBMean,tmsMean
bfs,5,4,1,0.528,0.70146
bfs,5,4,2,2.85932,6.77589
bfs,5,4,3,4.23971,11.1009
bfs,5,4,4,0.396,0.438715
